<?xml version="1.0" encoding="UTF-8"?>
<!DOCTYPE mapper PUBLIC "-//mybatis.org//DTD Mapper 3.0//EN" "http://mybatis.org/dtd/mybatis-3-mapper.dtd">
<mapper namespace="com.huawei.mbbcloud.simplesworkflow.dao.InstanceDao">
    <resultMap id="instanceResult" type="com.huawei.mbbcloud.simplesworkflow.model.po.InstancePO">
        <id column="id" property="id" jdbcType="INTEGER"/>
        <result column="process_id" property="processId" jdbcType="INTEGER"/>
        <result column="business_key" property="businessKey" jdbcType="VARCHAR"/>
        <result column="keyword" property="keyword" jdbcType="VARCHAR"/>
        <result column="tenant" property="tenant" jdbcType="VARCHAR"/>
        <result column="start_state" property="startState" jdbcType="VARCHAR"/>
        <result column="create_user" property="createUser" jdbcType="VARCHAR"/>
    </resultMap>

    <insert id="insert">
        insert into t_workflow_instance values(#{processId},#{businessKey},#{keyword},#{startState},#{tenant},#{createUser})
    </insert>

</mapper>