<?xml version="1.0" encoding="UTF-8"?>  
<!DOCTYPE mapper PUBLIC "-//mybatis.org//DTD Mapper 3.0//EN" "http://mybatis.org/dtd/mybatis-3-mapper.dtd">    
<mapper namespace="com.huawei.mbbcloud.simplesworkflow.dao.ProcessDao">
	<resultMap id="processResult" type="com.huawei.mbbcloud.simplesworkflow.model.po.ProcessPO">
		<id column="id" property="id" jdbcType="INTEGER" />
		<result column="name_cn" property="nameCn" jdbcType="VARCHAR" />
		<result column="name_en" property="nameEn" jdbcType="VARCHAR" />
		<result column="keyword" property="keyword" jdbcType="VARCHAR" />
		<result column="tenant" property="tenant" jdbcType="VARCHAR" />
		<result column="start_state" property="startState" jdbcType="VARCHAR" />
		<result column="create_time" property="createTime" jdbcType="DATETIME" />
	</resultMap>
<!--
	&lt;!&ndash; 根据key，更新value &ndash;&gt;
	<update id="updateValueByKey" parameterType="map">
		update sys_config set param_value = #{paramValue} where param_key = #{paramKey}
	</update>-->

	<!-- 根据key，查询value -->
	<select id="getByKeyword" parameterType="string" resultMap="processResult">
		select * from t_workflow_process where keyword = #{keyword} and tenant = #{tenant}
	</select>
	
</mapper>