<?xml version="1.0" encoding="UTF-8"?>
<!DOCTYPE mapper PUBLIC "-//mybatis.org//DTD Mapper 3.0//EN" "http://mybatis.org/dtd/mybatis-3-mapper.dtd">
<mapper namespace="com.huawei.mbbcloud.simplesworkflow.dao.InstanceDao">
    <resultMap id="roleUserResult" type="com.huawei.mbbcloud.simplesworkflow.model.po.RoleUserPO">
        <id column="id" property="id" jdbcType="INTEGER"/>
        <result column="role_id" property="roleId" jdbcType="VARCHAR"/>
        <result column="user_id" property="userId" jdbcType="VARCHAR" />
        <result column="tenant" property="tenant" jdbcType="VARCHAR" />
    </resultMap>

    <select id="listByRoleId" parameterType="string" resultMap="roleUserResult">
		select * from t_workflow_role_user where role_id = #{roleId}
	</select>
</mapper>