<?xml version="1.0" encoding="UTF-8"?>
<!DOCTYPE mapper PUBLIC "-//mybatis.org//DTD Mapper 3.0//EN" "http://mybatis.org/dtd/mybatis-3-mapper.dtd">
<mapper namespace="com.huawei.mbbcloud.simplesworkflow.dao.StateDao">
    <resultMap id="stateFlowResult" type="com.huawei.mbbcloud.simplesworkflow.model.po.StatePO">
        <id column="id" property="id" jdbcType="INTEGER"/>
        <result column="from_state_keyword" property="fromStateKeyword" jdbcType="VARCHAR"/>
        <result column="to_state_keyword" property="toStateKeyword" jdbcType="VARCHAR" />
        <result column="condition" property="condition" jdbcType="VARCHAR" />
        <result column="user" property="user" jdbcType="VARCHAR"/>
    </resultMap>

    <select id="listFlowByFromState" parameterType="string" resultMap="stateFlowResult">
		select * from t_workflow_state_flow where from_state_keyword = #{fromStateKeyword}
	</select>
</mapper>