<?xml version="1.0" encoding="UTF-8"?>
<!DOCTYPE mapper PUBLIC "-//mybatis.org//DTD Mapper 3.0//EN" "http://mybatis.org/dtd/mybatis-3-mapper.dtd">
<mapper namespace="com.huawei.mbbcloud.simplesworkflow.dao.StateDao">
    <resultMap id="stateResult" type="com.huawei.mbbcloud.simplesworkflow.model.po.StatePO">
        <id column="id" property="id" jdbcType="INTEGER"/>
        <result column="process_id" property="processId" jdbcType="INTEGER"/>
        <result column="name_cn" property="nameCn" jdbcType="VARCHAR" />
        <result column="name_en" property="nameEn" jdbcType="VARCHAR" />
        <result column="keyword" property="keyword" jdbcType="VARCHAR"/>
        <result column="condition" property="condition" jdbcType="VARCHAR"/>
        <result column="user" property="user" jdbcType="VARCHAR"/>
        <result column="to_state" property="toState" jdbcType="VARCHAR"/>
    </resultMap>

    <select id="listStateByProcessId" parameterType="string" resultMap="stateResult">
		select * from t_workflow_state where process_id = #{processId}
	</select>

    <select id="getStartStateByProcessId" parameterType="string" resultMap="stateResult">
		select * from t_workflow_state where process_id = #{processId}
	</select>

    <select id="getStateByKey" parameterType="string" resultMap="stateResult">
		select * from t_workflow_state where keyword = #{keyword}
	</select>

    <select id="getStateById" parameterType="string" resultMap="stateResult">
		select * from t_workflow_state where id = #{keyword}
	</select>
</mapper>