<?xml version="1.0" encoding="UTF-8"?>
<!DOCTYPE mapper PUBLIC "-//mybatis.org//DTD Mapper 3.0//EN" "http://mybatis.org/dtd/mybatis-3-mapper.dtd">
<mapper namespace="com.huawei.mbbcloud.simplesworkflow.dao.TaskDao">
    <resultMap id="taskResult" type="com.huawei.mbbcloud.simplesworkflow.model.po.TaskPO">
        <id column="id" property="id" jdbcType="INTEGER"/>
        <result column="process_id" property="processId" jdbcType="INTEGER"/>
        <result column="state_id" property="stateId" jdbcType="VARCHAR" />
        <result column="owner" property="owner" jdbcType="VARCHAR" />
        <result column="possessor" property="possessor" jdbcType="VARCHAR"/>
        <result column="tenant" property="tenant" jdbcType="VARCHAR"/>
    </resultMap>

    <insert id="insert">
        insert into t_workflow_task values(#{processId},#{stateId},#{owner},#{possessor},#{tenant})
    </insert>
    <delete id="delete">
        delete from t_workflow_task where id = #{id}
    </delete>
    <select id="listTaskByPossessor" parameterType="string" resultMap="taskResult">
		select * from t_workflow_task where possessor like #{possessor}
	</select>
    <select id="getTaskById" parameterType="string" resultMap="taskResult">
		select * from t_workflow_task where id = #{taskId} and tenant = #{tenant}
	</select>

</mapper>